{"cameraMode":{"drawMode":0,"name":"Shaded","section":"Shading Mode"},"sceneLighting":true,"audioPlay":false,"sceneViewState":{"m_AlwaysRefresh":false,"showFog":true,"showSkybox":false,"showFlares":true,"showImageEffects":true,"showParticleSystems":true,"showVisualEffectGraphs":true,"m_FxEnabled":true},"in2DMode":false,"pivot":{"x":-6.039071083068848,"y":4.676285743713379,"z":-12.681304931640625},"rotation":{"x":0.17097939550876618,"y":0.31980404257774355,"z":-0.058819033205509189,"w":0.9300913214683533},"size":0.9508836269378662,"orthographic":false}