{"cameraMode":{"drawMode":0,"name":"Shaded","section":"Shading Mode"},"sceneLighting":true,"audioPlay":false,"sceneViewState":{"m_AlwaysRefresh":false,"showFog":true,"showSkybox":false,"showFlares":true,"showImageEffects":true,"showParticleSystems":true,"showVisualEffectGraphs":true,"m_FxEnabled":true},"in2DMode":false,"pivot":{"x":2.3346219062805177,"y":1.1671937704086304,"z":-3.7310574054718019},"rotation":{"x":0.017405571416020395,"y":0.6453478336334229,"z":-0.01474081538617611,"w":0.7635735273361206},"size":0.9508836269378662,"orthographic":false}