{"cameraMode":{"drawMode":0,"name":"Shaded","section":"Shading Mode"},"sceneLighting":true,"audioPlay":false,"sceneViewState":{"m_AlwaysRefresh":false,"showFog":true,"showSkybox":false,"showFlares":true,"showImageEffects":true,"showParticleSystems":true,"showVisualEffectGraphs":true,"m_FxEnabled":true},"in2DMode":false,"pivot":{"x":2.843806266784668,"y":1.3096246719360352,"z":-2.5317468643188478},"rotation":{"x":-0.17270244657993318,"y":0.35558071732521059,"z":-0.06699062883853913,"w":-0.9161357879638672},"size":1.3320409059524537,"orthographic":false}